2 185;BOURACINE;30 000
3 049 610 000 000;Veuve Cliquot 750 ml;680 000
3 051 850 000 000;Bord Louis Eschenau Rouge;0
3 159 560 000 000;Calvet Bordeaux 750ml;100 000
3 159 560 000 000;Calvet Merlot  750ml;100 000
3 159 560 000 000;Calvet Cab Sauv;100 000
3 159 560 000 000;Calvet Sauvignon Blanc;100 000
3 159 560 000 000;Calvet  Syrah Roug;100 000
3 228 830 000 000;Napoleon Cuvier;0
3 262 150 000 000;Mouton Cadet Rouge 750ml;200 000
3 263 280 000 000;Cuerpo Rhum Blanc;90 000
3 263 280 000 000;Californie Sun Gate;0
3 263 280 000 000;GRAINTS TRIPPLE WOOD 1L;190 000
3 263 280 000 000;Rhum Soccaron Brun;0
3 263 290 000 000;Liq Orange Fav Sleev 70cl;0
3 263 290 000 000;Vodka Jelzin;50 000
3 263 290 000 000;Tequilla Blanco;0
3 263 290 000 000;Tequilla camino;155 000
3 263 290 000 000;JP Chenet Caberne Syrat750ml;85 000
3 263 290 000 000;Baron d Arigac Blanc 750mil;55 000
3 263 290 000 000;BARON ROUGE 750ml;60 000
3 263 290 000 000;SANGLIA Claudio RG 1500ML;100 000
3 263 290 000 000;EmperCabCarmenere Rg;90 000
3 263 290 000 000;Chili Emp cab Sauv 75cl;75 000
3 263 290 000 000;Chili Emp cab carmenere;90 000
3 263 290 000 000;Emper Cab Sauv Rouge;58 000
3 263 290 000 000;JP CHN ORIG SHIRAZ 75CL;45 000
3 500 610 000 000;VMKRAEMER BRUT Blanc75cl;0
3 500 610 000 000;VMKRAEMER Demi Sec75cl;0
3 500 610 000 000;Louis Esche CabSauv;100 000
3 500 610 000 000;LouisESCH SauvBlanc75cl;95 000
3 500 610 000 000;Louis Esche MerloRouge;100 000
3 500 610 000 000;VM PIERLANT BRUT75cl;0
3 500 610 000 000;VM PIERLANT SEC EXP Blanc75cl;0
3 500 610 000 000;Louis Eschenauer Syrah Rg;100 000
3 500 610 000 000;tertre du moulin;250 000
3 500 610 000 000;Cellier D Or Rouge;75 000
;;
;;
;;
3 500 610 000 000;Bordeaux Superior;0
3 500 610 000 000;Cellier d Or Blanc;80 000
3 500 610 000 000;JP CHN DEL SWEET RG75CL;90 000
3 500 610 000 000;Saint Vicent;0
3 500 610 000 000;Baron Arignac Rouge 1500ML;120 000
3 500 610 000 000;Chateau des combes;300 000
3 500 610 000 000;Bord cht Mich Rouge 750ml;58 000
3 500 610 000 000;Petites Folies;140 000
3 500 610 000 000;VM PIERLANT FANTASIA ROSE75cl;0
3 500 610 000 000;VM PIERLANT FANTASIA BRUT BLANC;0
3 500 610 000 000;VM PIERLANT FANTASIA BLANC75cl;0
3 500 610 000 000;JP Chenet ICE Rose;100 000
3 800 010 000 000;Chateau Marl CabSauv 750mil;65 000
3 800 010 000 000;Chateau Marlene Merlot 750ml;65 000
3 800 010 000 000;Chateau Marlene chardones Blanc;65 000
4 260 190 000 000;ZILLIKEN ELIBRING TROCKEN;130 000
45 165;BLOK;10 000
4 750 020 000 000;Stolichnaya vodka 1L;200 000
4 770 030 000 000;Vodk Lith Original 700ml;60 000
4 770 030 000 000;Vod Strumbas Centenary 700ml;72 000
4 770 030 000 000;OZONE Vodka SWEET MELON 750ML;35 000
4 770 030 000 000;Vodka Strumbas Classic 500ml;47 000
4 770 030 000 000;H liq NINES Sweet 700ml;66 000
4 770 030 000 000;Br Gloria Elegance 700ml;167 000
4 770 030 000 000;H liq NINES Citrus 700mil;66 000
4 770 030 000 000;Br Gloria Classique 700mil;77 000
4 770 030 000 000;PROPELLER WHITE RUM;40 000
4 770 030 000 000;Vodk Strumbas Honey 500ml;50 000
4 770 050 000 000;Al Classic Dry 750mil;57 000
4 770 050 000 000;Al classic Medium Dry 750mil;57 000
4 770 050 000 000;Al Classic Sweet 750mil;57 000
4 770 050 000 000;Al Classic Brut 750mil;57 000
4 770 050 000 000;Al Selection Muscat;57 000
4 770 050 000 000;Alita Chardonnay 750mil;57 000
4 770 050 000 000;Al Classic Silver 750mil;57 000
4 770 050 000 000;Al Reserve Brut 750mil;82 000
4 770 050 000 000;Al Reserve Red Dry 750mil;67 000
;;
4 770 050 000 000;AL BRANDY XO;77 000
4 770 050 000 000;Al Selection Rose 750mil;57 000
4 770 050 000 000;Al Selection Riesiling 750ML;57 000
4 770 050 000 000;Aerated Alc Free Al Med  750mil;43 000
4 770 050 000 000;Al Select Brut Cuvee 750mil;57 000
4 770 050 000 000;Wine Ruby Strawberry 750mil;36 000
4 770 050 000 000;PROPELLER WHISKY;400 000
4 770 050 000 000;AL SANS ALC SWEET;43 000
4 770 150 000 000;Voruta SANS ALCOOL SWEET;43 000
4 770 150 000 000;VORUTA M cherry win 750mil;31 000
4 770 150 000 000;VORUTA Medium  Dry 750mil;31 000
4 770 150 000 000;VORUTA M SWEET BLACK CURRENT;31 000
4 770 400 000 000;Beer Grand 9.5;10 000
50 001;FIOLE DU PAPE;580 000
5 000 270 000 000;Red Label;200 000
5 000 270 000 000;Double Black;370 000
5 010 680 000 000;MARTINI BIANCO 1L;160 000
52 825 847;FC SWEET ROSE 250ML;15 000
5 410 230 000 000;LEFE BLOND 33CL;15 000
600;FREXINET ICE;250 000
6 001;After Shave 100ml;3 000
6 001 110 000 000;Savanna;13 000
6 001 500 000 000;AMARULA 1L;220 000
6 001 500 000 000;Drosty Hof 375ml;25 000
6 001 500 000 000;Drosty Hof 750ml;70 000
6 001 500 000 000;Drosty 5L;270 000
6 001 500 000 000;Cellar Cast 750mil;70 000
6 001 500 000 000;Cellar Cast 5L;270 000
6 002;Medicare 100ml;0
6 002 270 000 000;VL River Red 1500mil;77 000
6 002 270 000 000;VL Neils Pick Colombar 750mil;48 000
6 002 270 000 000;VL Dry Rose Syrah 750mil;41 000
6 002 270 000 000;VL BlancNoirRedMuscar 750mil;48 000
6 002 270 000 000;VL Blanc de Blanc 750mil;46 000
6 002 270 000 000;VL RIver Red 750mil;48 000
6 002 270 000 000;VL SpecialLateHarvest 750mil;55 000
6 002 270 000 000;FC Sweet Rose 1500ml;78 000
;;
;;
6 002 270 000 000;CHRISTIENA CHARDONAY;85 000
6 002 270 000 000;FC Dry Red1500ml;78 000
6 002 270 000 000;VL Red Muscadel 750mil;63 000
6 002 270 000 000;VL Chardonnary 750mil;51 000
6 002 270 000 000;VL CabernetSauvignon 750mil;58 000
6 002 270 000 000;VL Cape Ruby 750mil;63 000
6 002 270 000 000;ChristinaCabernetSauvignon 750mil;105 000
6 002 270 000 000;VL River red 500ml;26 000
6 002 270 000 000;Vl AfricaJavaPinot 750mil;58 000
6 002 270 000 000;FC DryWhite 1500ml;78 000
6 002 270 000 000;VL Merlot 750mil;58 000
6 002 270 000 000;VL SauvignonBlanc;55 000
6 002 270 000 000;FC Nat SweetRed1500ml;78 000
6 002 270 000 000;FC Nat SweetWhite750ml;45 000
6 002 270 000 000;FC Nat sweet Red750ml;45 000
6 002 270 000 000;FC Nat Sweet Rose 750ml;45 000
6 002 270 000 000;FivesReserveCabSauv 750mil;43 000
6 002 270 000 000;FivesReserve Pinotage 750mil;45 000
6 002 270 000 000;FIVES CHENIN BLANC;45 000
6 002 270 000 000;FC Nat Sweet White1500ml;78 000
6 002 270 000 000;ChristinaVLMCC 750mil;90 000
6 002 270 000 000;VL Chenin N5 750ml;51 000
6 002 270 000 000;VL BluePinoNoir 750mil;65 000
6 002 270 000 000;FC SweetRose 3L;110 000
6 002 270 000 000;FC Dry Red 3L;110 000
6 002 270 000 000;FC SweetRed 3L;110 000
6 002 270 000 000;FC SauvBlanc 3L;110 000
6 002 270 000 000;SCOTTISH COUSIN;134 000
6 002 270 000 000;VL DayDreaChardPinotNoir 750mil;53 000
6 002 270 000 000;FC CollectMerlot 750nil;51 000
6 002 270 000 000;VL Cabernet SauvMerlot 750mil;59 000
6 002 270 000 000;FC CollectCabernet 750mil;51 000
6 002 270 000 000;RhinoRun Shardonnary;58 000
6 002 270 000 000;RhinoRun CabernetSauv 750mil;53 000
6 002 270 000 000;RhinoRun Pinotage 750,l;53 000
6 002 270 000 000;RhinoRunlanPlCabMerlot 750mil;53 000
6 002 270 000 000;FC Sweet Rose 5L;149 000
;;
;;
6 002 270 000 000;FC Sweet Red 5L;198 000
6 002 270 000 000;VL RetieReservCBlend 750milo;70 000
6 002 270 000 000;VL Perl JeanPinotGrid 750mil;42 000
6 002 270 000 000;Our Lady  Queen MASS WINE;38 000
6 002 270 000 000;FC MARULA Cream 500ml;85 000
6 002 270 000 000;FC STRAWBERRY Cream 500ml;59 500
6 002 270 000 000;Rhino Run Chenin Blanc;50 000
6 002 270 000 000;SkyLine Harvest 750ml;43 000
6 002 270 000 000;Rhino Run Sauvignon Blanc 750ml;53 000
6 003;Muscador Rose 75CL;90 000
6 004;COINTREAU 100CL;320 000
6 005;Mosquito pink 100ml;3 000
6 005 650 000 000;Zandvliet Shiraz;73 000
6 005 650 000 000;Zandvliet Chardonnay;70 000
6 006;Medicare Cr70g;0
6 007;Mosquito Creen70g;3 000
6 008;baby and me;17 000
6 009 610 000 000;CapeAuctionClassRed 750mil;40 000
6 009 610 000 000;Cape Auction White750ml;40 000
6 009 610 000 000;Cape Auction Rose750ml;40 000
6 009 610 000 000;Cape ClasRed5L;198 000
6 009 610 000 000;Cape ClasWhite5L;149 000
6 009 610 000 000;Cape ClasRose5L;149 000
6 009 610 000 000;Sunning Cape Red5L;145 000
6 009 610 000 000;SunningWhite 5L;145 000
6 009 610 000 000;Sunning sweet Rose 5L;145 000
6 009 640 000 000;The vert;0
6 009 640 000 000;The rouge 100g;0
6 009 640 000 000;The rouge 200g;0
6 009 680 000 000;Aquavie Gaz;2 000
6 009 710 000 000;BayGd WillShiraz 750mil;78 000
6 009 710 000 000;Bayede Princ Chardon PNoir 750mil;62 000
6 009 710 000 000;BAYEDE ROYAL CHENIN BLANC 750 ML;53 000
6 009 710 000 000;BAYEDE ROYAL PINOTAGE;53 000
6 009 800 000 000;BayGoodWillJCabern 750mil;98 000
6 009 800 000 000;BayedePrincCabernet 750mil;45 000
6 009 800 000 000;BayedePrinc Pinot 750mil;43 000
;;
;;
6 009 800 000 000;BayedPrincSauvBlanc 750mil;38 000
6 009 800 000 000;BayedePrinceMerlot 750mil;50 000
6 009 800 000 000;Passion 330ml;6 500
6 009 800 000 000;Passion 1L;30 000
6 009 880 000 000;RHINO ROYAL;0
6 010;PIERLANT DEMI SEC BLANC;110 000
6 011;PINTA NEGRA ROSE 750 ML;60 000
6 016;Cuerpo Gold Rhum;0
6 021;JP Chenet Merlot750ml;55 000
6 022;JP CheCabSyrah25cl;45 000
6 023;RUINART BRUT;700 000
6 024;Safi MARACOUDJA;8 500
6 025;Sac 55 70;0
6 026;Sac 40 45;0
6 030;ABSOLUTE VODK MANDALIN;178 000
6 031;OLD MONKEY;58 000
6 032;ABSOLUTE VODK BLUE 1L;183 000
6 033;ABSOLUTE VNILIA;180 000
6 034;BEEFEATER GIN 1L;151 000
6 035;GORDONS GIN 1L;190 000
6 036;J&B 1L;200 000
6 037;BOMBAY SAPHIRE GIN 1L;250 000
6 038;NEEDBURG CAB SAUV 75CL;78 000
6 039;CHIVAS REGAL 18YO 100CL;550 000
6 040;BARON  DEMI-SEC ROSE 75CL;80 000
6 041;TEQUILLA PANCHITOS;0
6 043;Rhone calvet rouge;0
6 044;MARTEL  VSOP100CL;750 000
6 045;TIA MARIA LIQUEUR 1L;250 000
6 046;HENNESSY VSOP 1L;750 000
6 047;MALIBU 1L;220 000
6 048;HEINEKEN CAN 33CL;12 000
6 049;FREXINET BRUT;250 000
6 050;DROSTY HOF NAT SWEET RED;41 000
6 051;SMIRNOFF VODKA 275ML;9 000
6 052;MARTINI ROSSO 1L;160 000
6 054;MUSCADOR Muscat Blanc wine 75 CL;66 000
;;
;;
6 055;CALVET BOUJOLAIS VILLAGE RED 75CL;180 000
6 056;ALTAR WINE 5L VIN;210 000
6 057;HEINEKEN CARTON;260 000
6 058;LEFFE  CARTON;210 000
6 059;STELLA CARTON;150 000
6 060;STELLA BER 33CL;13 000
6 061;CARLSBERG CARTON;140 000
6 062;CARLSBERG BEER 33 CL;13 000
6 063;BACCARDI;200 000
6 064;JAMESON I7ISH WHISKY 1L;260 000
6 065;JACK DANIEL HONEY WH;191 000
6 066;BLACK LABEL WH;300 000
6 067;BARON MOELLEUX ROUGE 75CL;70 000
6 091 070 000 000;Oxenham 750ml;60 000
6 161 100 000 000;Uganda Waragi gin;35 000
6 161 100 000 000;Guiness bottle;15 000
6 161 100 000 000;Tusker Canette;0
6 161 100 000 000;Sminoff Double;0
6 161 100 000 000;Uganda Waragi Coconut;0
6 164 000 000 000;Image Dry750ml;0
6 164 000 000 000;Altar Wine 750mil;50 000
6 164 000 000 000;Dompo 5L;210 000
6 164 000 000 000;Image 3L;100 000
6 164 000 000 000;Kinju Petit;1 500
6 164 000 000 000;Kinju 1.5 L;3 000
6 201 100 000 000;Sanitizer 50ml;0
6 201 100 000 000;Sanitizer 100ml;0
6 203 010 000 000;Image Dry 250ml;18 000
6 203 020 000 000;GEE WINE 750ML;0
6 210 020 000 000;The jaune 100g;0
7 312 040 000 000;ABSOLUTE CITRON 1L;183 000
744 581;VL MUSCOTO ROSE PERLE 75CL;50 000
786 150 000 000;Leffe Brun;0
8 000 040 000 000;CAMPARI 1L;150 000
8 001;Sangwe  500ml;1 000
8 003;SANGWE GRAND 1.5L;2 000
8 004 750 000 000;LIMONCELLO 70CL;160 000
;;
;;
;;
8 007;Beer ZEMAICIU;0
8 030;ALTAR WINE 375ML;26 000
8 038;Bavaria Av Alcool;7 000
8 040;Sminoff ice;17 000
8 042;PINTA NEGRA BLANC 750 ML;65 000
8 044;PINTA NEGRA ROUGE 750 ML;65 000
8 045;Red Bull Avec sucre;8 500
8 049;Sangwe wt 20L;0
8 052;BAILEYS;300 000
8 054;HENNESSY VS 1L;500 000
8 055;GOLDEN LABEL;600 000
8 056;CAPITAIN MORGAN Spiced Gold 1L;109 000
8 057;Lune de miel Doux;0
8 058;Lune de Miel Sec;0
8 059;Lune de Miel semi doux;0
819;JAGMASTER Herbal 1L;270 000
820;SHERIDAN'S CREAM 1L;350 000
8 437 010 000 000;IsabFrance Rouge;70 000
8 437 010 000 000;ISABELLE;70 000
85 451;CAPE AUCTION RESERVE  COLOMBAR 75CL;40 000
8 712 000 000 000;HEINEKEN 330ML;18 000
8 714 800 000 000;Bavaria S Alcool;10 000
879 371 000 000;OZONE Vodka LIME flavoured 750 ml;60 000
879 371 000 000;OZONE Vodka  MELON 500 ml;31 000
879 371 000 000;Ozone vodka night edition 750ml;36 000
8 902 970 000 000;Black DSP 750ml;70 000
8 902 970 000 000;Black DSP180ml;55 000
8 902 970 000 000;Black Stallion coffee 750ml;70 000
9 003;Bord Sup Reserve LouiEsch Rg750ml;0
9 015;JP Reserve Merlot;60 000
9 018;VM PIERLANT DEMI SEC EXP Blanc75cl;0
9 019;Louis esch chardonnay 750ml;100 000
9 050;VL XXXXX;0
9 059;Moet Brut 750ml;700 000
9 065;CHIVAS REGAL 12YO 100CL;300 000
919;JAGMESTER;170 000
A001;AMARULA CREAM LIQ 750ml;140 000
;;
;;
A005;CHILI EMP CAB SUV PREMIUM;75 000
A01;Terres des anges Blanc;60 000
A02;Terres des anges Rouge;60 000
A03;Vigneron bordeau rouge 750 ml;80 000
A56985;AMALURA 75CL;180 000
AA001;ALEXENDER BLANC 75cl;90 000
AA002;ALEXENDER MERLOT  75cl;90 000
AA003;ALEXENDER CAB SAUV 75cl;90 000
AA01;ALITA XO;40 000
AOOO1;RED BULL;15 000
B001;Bacus de Denise;77 000
B10;BLACK STALLION PRESTIGE;70 000
B30;BARON D ARIGNAC RGE 5L;240 000
b41;belle saveur 1.5l;2 500
b42;beelle saveur 500ml;1 500
b44;belle saveur 500ml;1 500
B45;BLUE WORRIER 1L;55 000
B4586;BSEMBI;0
B5628;BASEMBI;10 000
B745;BALLANTINE 1L;230 000
B7451;BARON DEMI-SEC BLANC 75CL;80 000
B74521;KONYAGI 500ML;55 000
BH65;CHATEAU BOIS CHANTANT RG 75CL;160 000
BW01;BALLANTINE Finest WHISKY 1L;200 000
C 02;CAPTAIN MORGAN GOLD 1L;250 000
C00002;chili emp chardonnay;75 000
C001;Calvet chardonnay;100 000
C002;Champagne baron blanc de blanc;400 000
C0020;CHAMPAGNE LAURENT-PERRIER BRUT;500 000
C003;Champagne baron blanc brut;400 000
C004;Champagne perrier;400 000
C005;Château Michelet bord;110 000
C006;Château Sarah;60 000
C007;COCA 2L;20 000
C008;COCA 500ML;6 000
C009;COCA 300 ML;3 000
C01;Coca cannette;10 000
;;
;;
C010;Citron canette;10 000
C011;ch des pap cot du rhone;75 000
C012;coca 500ml;5 000
C013;Chili emp merlot;75 000
C10;CARLSBERGCAN 50CL;15 000
C104;CAFE ARABICCA 500G;20 000
C164;C164 BEER;7 500
C235;CAFE ARABICCA 1KG;35 000
C27;CHATEAU BOUTEILLEY;200 001
C3697;CHATEAU TROUPION;160 000
C441;CAPTAIN MORGAN 75cl;100 000
C46;CAMEMBERT;130 000
C47;CHATEAU DU MOULIN;80 000
C51;CAFE ARABICCA 250G;12 000
C572;CHATEAU HAUT MEDOC 75CL;260 000
C5762;CALVET SELECTION DES PRINCES;110 000
C57624;CHATEAU DU CARTILLON;260 000
C60;CHRISTIENA CAB SAUV 75CL;94 000
C69523;COURVOISIER VS COGNAC 100CL;750 000
C741;CALVET BORDEAUX MOILEUX 75CL;100 000
C852;CHIVAS REL BLEND SCOTCH WIHISKY;460 000
C854;CHATEAU CARMIN;350 000
C856;CAPTAIN MORGAN 250ML;30 000
C95;CQFE QRQBICCQ 1KG;0
CH56;CHILI EMP SAUVIGNON BLANC;75 000
CH8;CHATEAU DE BEL AIR;115 000
CN1;CHEMIN DES PAPAS VILLAGES;140 000
CN4;CHEMIN DES PAPES NOBLESSE;140 000
CN5;CHEMIN DES PAPES COTE DU RHONE;130 000
D003;DOMPO BLANC 750ML;50 000
D014;DROSTY 5L;200 000
D0147;DOMPO 250ML;17 000
D03;DISARONNA;151 000
d14;DON PERIGNON;3 000 000
D41;DOMAINE ST CECILE;110 000
DO1;Dompo 375ml;26 000
DO2;Dompo ROUGE 750ml;50 000
;;
;;
E001;Emballage  simple;5 000
E002;Emballage  double;6 000
F14;FANTASIA BRUT 75CL;100 000
F15;FANTASIA DEMI SEC 75CL;100 000
F5;FANTASIA ROSE75CL;48 000
G0004;GLACON 1,5KG;8 000
G001;Guiness canette;17 000
G002;GATAO;16 000
G003;Gobelet;1 000
G25;gobelets vip;1 500
G47;GRAND SIECLE;1 700 000
G546;GASEMBE;10 000
G555;GLACON 2KG;7 000
G7451289;GOLDBERG;10 000
G745213;GLENFIDDICH  1L;850 000
G7512669;CAPE AUCTION RESERVE CAB SAUV 750ML;40 000
G85;GRAND SUD CABERNET;95 000
H10;HEINEKEN CAN 50CL;15 000
H22;heineken PO carton;165 000
H32;HENNESSY 75CL;350 000
H7456;HANSON'S 330ML;10 000
h75126;HEINEKEN;15 000
I52;INYANGE;15 000
IN3261;INYANGE 1L;15 000
J0001;JP CHENET ICE;110 000
J001;J B CANNET;17 000
J002;JELZIN Vodka;90 000
J003;KRAMER DEMI SEC;110 000
J004;KRAMER  BLANC DE BLANC BRUT;110 000
J006;j p ch reserve pinot noir;65 000
J007;JAMSON 350Ml;120 000
J008;JP CHENET RESERVE PINOT NOIR;110 000
J009;JP CHENET RESERVE MERLOT CAB;95 000
J47;JACK FIRE;230 000
J47854;JACK DANIELS OLD 100CL;300 000
J7541;"JP CHENET ICE 1;5L";150 000
J857;JELSIN CITRON;90 000
;;
;;
J859;JP CHENET MUSCAT GOLDEN;90 000
K001;kramer demi sec;55 000
k10;KONYAGI 75CL;75 000
K14;KRONENBURG 1664CAN 33CL;5 000
K21235;KONYAG 200MLI;30 000
L009;LE FAVORI;105 000
L5;LORDSON 70CL;80 000
L7;LORDSON GIN;90 000
L857;LOUIS ESH MEDOC 75CL;120 000
M001;MARTEL COGNAC VS 100CL;700 000
M003;moet nectar;800 000
M12;MAGIC MOMENT;100 000
M17;MAITRE VITICULTEUR;85 000
M41;MAGIC MOMENT 75CL;110 000
M85;MILINDA CAN;10 000
N28;NEEDBURG MERLOT 75CL;78 000
O002;ORANGE 2L;20 000
O01;Orange cannette;10 000
O45;OVERMEER;200 000
O654;ORANGE 500ML;6 000
P001;PIERLANT BRUT;110 000
P12;PORTO RUBY ROUGE;130 000
P24;PROSSECCO SIGNORE;120 000
P47;PROSSECCO VILLONI;120 000
P56;PEPSI 2L;16 000
P57;PROSSECCO DRY;120 000
P74;PROSSECCO DOC TRAVISO;150 000
R03;REMY MARTIN VSOP 100CL;750 000
R4125134562;RHINO RUN RED BLEND 750ML;58 000
S001;Sminoff bouteille;10 000
S003;SPRITE CANNETTE;10 000
S006;SPRITE 2L;16 000
S111;sawa marakuca;2 500
S546;SMINOFF RED 100CL;160 000
S68;SPIKO;8 000
S756;SERENGETI;10 000
T001;Terres des anges sauv Blanc;60 000
;;
;;
T002;Tire bouchon;10 000
T0120;TEQUILLA  CAMINO 75CL;230 000
T145;TONIC CANNETTE;10 000
T522;TORERO PETIT;30 000
T654;TORERO;85 000
v146;VODKA RUSKOV;100 000
V20;VIVE LA VIE;95 000
V48566;VL RETIEF RESERVE CAPE RED 750ML;70 000
W5;WINDSON GIN 1L;100 000
X001;X TAZ CHOCOLAT;90 000
X002;X TAZ GIN;90 000
X003;X TAZ VODKA;90 000
X1;EX O;15 000
Z001;ZILLIKEN ELIBRING CLASSIC;130 000
Z002;ZILLIKEN FILIUS;130 000
